{
  "total_return": 6.089396009603831,
  "buy_hold_return": 38.28900492767162,
  "sharpe_ratio": 1.7998586758788682,
  "sortino_ratio": 2.2271717792908152,
  "max_drawdown": -15.620239067057268,
  "win_rate": 45.28301886792453,
  "total_trades": 53,
  "outperformance": -32.19960891806779
}